CDTA2020,cdtaname20,comp2020ap,comp2010,comp2011,comp2012,comp2013,comp2014,comp2015,comp2016,comp2017,comp2018,comp2019,comp2020,comp2021,comp2022,comp2023,cenunits20,filed,approved,permitted,withdrawn,inactive
BK01,BK01 Williamsburg-Greenpoint (CD 1 Equivalent),1057,3044,1351,1199,1877,1425,1628,1727,2454,2563,2063,1644,750,1964,2564,89974,1063,833,8291,2837,2547
BK02,BK02 Downtown Brooklyn-Fort Greene (CD 2 Approximation),1385,1081,847,536,557,1216,1844,2236,2602,1450,1594,1462,1838,1153,1412,65710,809,232,6994,1081,541
BK03,BK03 Bedford-Stuyvesant (CD 3 Approximation),733,343,569,521,531,321,568,1153,988,1044,1055,1029,1089,945,966,72623,510,334,4049,1476,756
BK04,BK04 Bushwick (CD 4 Equivalent),525,471,264,141,280,250,424,421,658,1696,1327,719,496,526,562,47292,344,192,1955,1055,884
BK05,BK05 East New York-Cypress Hills (CD 5 Approximation),1128,412,380,324,222,32,462,580,559,113,528,1224,1315,498,825,72938,1669,1323,3732,488,657
BK06,BK06 Park Slope-Carroll Gardens (CD 6 Approximation),72,339,390,18,216,158,-3,870,851,234,108,312,862,247,277,54677,317,476,7931,370,341
BK07,BK07 Sunset Park-Windsor Terrace (CD 7 Approximation),287,280,229,87,119,241,106,-2,103,171,104,410,120,221,139,45939,581,92,1460,366,651
BK08,BK08 Crown Heights (North) (CD 8 Approximation),212,203,221,452,113,428,190,736,746,554,378,335,702,157,1214,49731,407,113,2811,877,667
BK09,BK09 Crown Heights (South) (CD 9 Approximation),174,36,29,213,221,41,56,829,387,332,238,408,682,66,360,40871,967,157,2298,429,644
BK10,BK10 Bay Ridge-Dyker Heights (CD 10 Approximation),33,28,14,39,1,15,48,18,26,14,29,33,16,198,15,55045,46,14,128,73,256
BK11,BK11 Bensonhurst-Bath Beach (CD 11 Approximation),38,213,106,46,102,36,39,89,50,184,128,61,118,203,93,71001,82,59,755,255,93
BK12,BK12 Borough Park-Kensington (CD 12 Approximation),479,231,215,32,56,46,83,118,139,103,267,506,261,35,180,64309,215,163,633,344,197
BK13,BK13 Coney Island-Brighton Beach (CD 13 Approximation),160,161,16,97,320,131,46,137,75,102,1251,160,702,244,20,48820,1364,56,1490,108,437
BK14,BK14 Flatbush-Midwood (CD 14 Approximation),241,299,206,11,43,126,15,46,643,325,689,377,953,363,218,61732,81,183,1652,448,233
BK15,BK15 Sheepshead Bay-Gravesend (East) (CD 15 Approximation),128,101,103,40,75,26,66,7,436,201,109,240,228,25,162,64571,336,85,349,305,142
BK16,BK16 Ocean Hill-Brownsville (CD 16 Approximation),302,303,280,219,179,105,46,291,561,232,114,340,892,975,433,37069,368,279,2074,203,315
BK17,BK17 East Flatbush (CD 17 Approximation),653,88,32,21,28,40,124,-13,223,449,981,709,747,783,723,62944,601,247,1860,376,566
BK18,BK18 Canarsie-Flatlands (CD 18 Approximation),3,54,47,66,3,33,5,29,11,40,31,2,30,3,33,72390,299,27,151,52,217
BK55,BK55 Prospect Park (JIA 55 Approximation),0,0,0,0,0,0,0,0,0,0,0,0,0,0,0,7,0,0,0,0,0
BK56,BK56 Jamaica Bay (West) (JIA 56 Approximation),0,0,0,0,0,0,0,0,0,0,0,0,0,0,0,11,0,0,0,0,0
BX01,BX01 Melrose-Mott Haven-Port Morris (CD 1 Approximation),792,571,877,476,14,284,319,275,140,940,525,812,1005,937,2377,36640,263,565,1573,556,216
BX02,BX02 Longwood-Hunts Point (CD 2 Approximation),446,158,244,17,109,-1,0,107,78,78,400,529,279,418,133,19655,165,114,904,58,438
BX03,BX03 Morrisania-Crotona Park East (CD 3 Approximation),352,1357,783,130,388,276,418,658,612,460,872,744,290,542,586,33823,603,226,1139,669,33
BX04,BX04 Highbridge-Concourse (CD 4 Approximation),250,424,32,216,266,283,85,129,509,691,274,250,523,723,2943,54431,1584,268,3065,282,405
BX05,BX05 Morris Heights-Mount Hope (CD 5 Approximation),306,297,200,152,-9,298,189,7,464,360,406,328,148,809,940,46946,721,601,3413,1204,672
BX06,BX06 Tremont-Belmont-West Farms (CD 6 Approximation),588,224,375,145,10,195,411,179,26,952,593,584,349,469,1028,32444,972,117,2072,699,453
BX07,BX07 Fordham-Bedford Park-Norwood (CD 7 Approximation),257,478,57,209,149,136,187,194,235,704,190,491,521,365,750,52826,971,218,2451,632,336
BX08,BX08 Riverdale-Kingsbridge-Marble Hill (CD 8 Approximation),45,27,26,251,70,1,-67,208,126,92,167,49,108,297,201,44945,372,599,626,413,175
BX09,BX09 Soundview-Parkchester (CD 9 Approximation),143,184,60,46,77,30,319,250,140,47,549,325,639,87,641,68000,949,421,692,322,716
BX10,BX10 Co-op City-Throgs Neck (CD 10 Approximation),64,135,293,25,97,20,255,45,24,53,52,80,60,21,64,55315,284,27,434,44,257
BX11,BX11 Pelham Parkway-Morris Park (CD 11 Approximation),22,69,42,20,35,14,18,-6,199,45,61,44,57,136,162,45628,180,184,761,173,301
BX12,BX12 Wakefield-Williamsbridge-Eastchester (CD 12 Approximation),139,250,344,176,264,203,265,347,93,204,77,196,388,367,638,59856,316,84,1506,193,329
BX26,BX26 Van Cortlandt Park (JIA 26 Equivalent),0,0,0,0,0,0,0,0,0,0,0,0,0,0,0,72,0,0,0,0,0
BX27,BX27 Bronx Park (JIA 27 Approximation),0,0,0,0,0,0,0,0,0,0,0,0,0,0,0,23,0,0,0,0,0
BX28,BX28 Pelham Bay Park (JIA 28 Approximation),0,0,0,0,0,0,0,0,0,0,0,0,0,0,0,3,0,0,0,0,0
MN01,MN01 Financial District-Tribeca (CD 1 Equivalent),246,460,1598,503,416,-11,850,1174,1257,1166,431,382,840,27,154,41977,95,46,4009,437,600
MN02,MN02 Greenwich Village-SoHo (CD 2 Equivalent),327,231,-22,-94,-37,-12,212,467,108,111,280,342,245,186,3,58418,363,-18,490,160,344
MN03,MN03 Lower East Side-Chinatown (CD 3 Equivalent),311,592,121,70,184,422,56,290,656,1432,446,315,181,379,539,82589,101,37,3156,334,819
MN04,MN04 Chelsea-Hell's Kitchen (CD 4 Approximation),276,1877,1987,298,2496,731,1653,1721,2110,2169,708,287,471,2286,400,82889,1574,250,2159,242,2027
MN05,MN05 Midtown-Flatiron-Union Square (CD 5 Approximation),235,528,329,-24,235,282,541,554,602,989,568,272,257,407,557,39593,2015,131,710,2488,1445
MN06,MN06 East Midtown-Murray Hill (CD 6 Approximation),-17,103,133,-108,-172,279,156,1251,683,788,699,-12,309,774,302,102101,482,60,1393,340,293
MN07,MN07 Upper West Side (CD 7 Approximation),100,1219,48,358,62,249,303,837,316,245,1304,119,282,130,119,127865,353,-5,534,605,-15
MN08,MN08 Upper East Side-Roosevelt Island (CD 8 Equivalent),338,259,122,-70,-118,-362,135,221,240,5,-11,329,158,48,29,138922,138,-90,1607,-109,9
MN09,MN09 Morningside Heights-Hamilton Heights (CD 9 Equivalent),287,87,97,27,9,165,-20,580,16,2,263,275,103,10,503,44900,167,369,897,539,172
MN10,MN10 Harlem (CD 10 Equivalent),647,575,628,85,67,335,22,316,111,100,298,712,559,101,519,61629,211,27,1080,138,212
MN11,MN11 East Harlem (CD 11 Equivalent),773,983,609,497,270,622,265,96,512,316,323,787,503,530,521,54738,703,33,2454,881,1007
MN12,MN12 Washington Heights-Inwood (CD 12 Equivalent),12,32,129,-37,10,74,76,61,40,123,114,12,19,90,172,74722,453,113,2681,193,477
MN64,MN64 Central Park (JIA 64 Equivalent),0,0,0,0,0,0,0,0,0,0,0,0,0,0,0,5,0,0,0,0,0
QN01,QN01 Astoria-Queensbridge (CD 1 Equivalent),109,896,495,328,564,541,620,809,1067,1654,939,294,1851,1559,918,90547,3018,590,4888,4063,2691
QN02,QN02 Long Island City-Sunnyside-Woodside (CD 2 Approximation),235,290,302,796,2138,1035,959,1286,2822,2453,1125,318,3686,1458,972,60696,734,331,6967,766,1753
QN03,QN03 Jackson Heights-East Elmhurst (CD 3 Approximation),36,235,193,171,175,90,51,82,64,78,43,74,162,143,298,58912,77,39,566,116,617
QN04,QN04 Elmhurst-Corona (CD 4 Approximation),197,306,225,235,86,110,208,126,118,225,471,231,334,243,140,58065,351,73,1060,331,780
QN05,QN05 Ridgewood-Maspeth-Middle Village (CD 5 Approximation),156,215,77,76,49,24,85,94,180,130,224,147,113,204,183,69946,148,45,213,172,730
QN06,QN06 Forest Hills-Rego Park (CD 6 Approximation),0,88,68,84,42,58,441,28,94,180,35,-1,117,498,269,56120,18,164,1114,1232,148
QN07,QN07 Flushing-Murray Hill-Whitestone (CD 7 Approximation),279,483,418,325,402,370,156,388,229,295,1231,321,365,466,587,103229,716,381,3893,1313,1800
QN08,QN08 Fresh Meadows-Hillcrest-Briarwood (CD 8 Approximation),136,180,323,84,93,22,60,77,81,153,174,141,412,103,135,58218,901,75,578,142,264
QN09,QN09 Kew Gardens-Richmond Hill-Woodhaven (CD 9 Approximation),44,58,163,113,229,30,20,197,19,30,15,62,56,24,159,50621,81,197,497,141,436
QN10,QN10 South Ozone Park-Howard Beach (CD 10 Approximation),29,57,69,19,133,47,55,34,10,30,49,31,10,62,48,43508,59,63,201,165,284
QN11,QN11 Auburndale-Bayside-Douglaston (CD 11 Approximation),31,114,134,48,77,81,33,17,47,44,70,74,51,46,113,47439,54,84,341,142,165
QN12,QN12 Jamaica-St. Albans-Hollis (CD 12 Approximation),889,721,235,168,120,322,157,153,112,868,856,914,976,1275,546,84633,792,551,3952,729,792
QN13,QN13 Queens Village-Bellerose-Rosedale (CD 13 Approximation),45,107,76,72,66,76,52,37,48,53,61,65,49,43,59,66410,442,144,196,57,426
QN14,QN14 The Rockaways (CD 14 Approximation),121,193,158,138,75,102,184,99,242,461,308,148,350,1348,596,47966,986,839,1186,356,582
QN80,QN80 LaGuardia Airport (JIA 80 Approximation),0,0,0,0,0,0,0,0,0,0,0,0,0,0,0,0,0,0,0,0,0
QN81,QN81 Flushing Meadows-Corona Park (JIA 81 Approximation),0,0,0,0,0,0,0,0,0,0,0,0,0,0,0,7,0,0,0,1,0
QN82,QN82 Forest Park (JIA 82 Approximation),0,0,0,0,0,0,0,0,0,0,0,0,0,0,0,1,0,0,0,0,0
QN83,QN83 JFK International Airport (JIA 83 Approximation),0,0,0,0,0,0,0,0,0,0,0,0,0,0,0,2,0,0,0,0,0
QN84,QN84 Jamaica Bay (East) (JIA 84 Approximation),0,0,0,0,0,0,0,0,0,0,0,0,0,0,0,14,0,0,0,0,0
SI01,SI01 North Shore (CD 1 Equivalent),46,355,222,173,186,91,-170,772,195,63,181,87,130,94,106,69066,1158,957,961,399,1144
SI02,SI02 Mid-Island (CD 2 Approximation),75,115,102,124,17,114,143,113,77,368,147,106,97,70,86,51732,189,61,276,90,565
SI03,SI03 South Shore (CD 3 Approximation),152,272,239,183,272,159,141,193,210,255,218,215,223,186,245,62645,647,80,419,23,633
SI95,SI95 Great Kills Park-Fort Wadsworth (JIA 95 Approximation),0,0,0,0,0,0,0,0,0,0,0,0,0,0,0,249,0,0,0,0,0
